codigo,Nombre,Barras,Tarima,Estiba,masterPack
ADIR1021-A,Luminario De Emergencia Portatil 60 Led,7502219800752,1890,63,30
ADIR12109,Estante Organizador de Acero de 5 Niveles,7506434228872,87,87,N/A
ADIR11577,Motosierra Con Motor,7506434221100,60,30,2
ADIR12394,Ventilador de Pedestal 16",7506434226892,56,56,N/A
ADIR12603,Compresor Lubricado VertiC3. 5HP CPN Tanque 50 L,7506434223006,8,8,N/A
ADIR12036,Portarrollo Jumbo Abs Negro Translucido,7506434226847,100,5,20
ADIR12109,Estante Metalico,7506434228872,87,87,N/A
ADIR13200,Sopladora Gasolina Tipo Mochila 43CC,7506434221453,18,18,N/A
ADIR13203,Soplador Inalambrico 20V,7506434225413,100,17,6
ADIR13204,Cortasetos Inalambrico 20V,7506434227356,80,20,4
ADIR13240,Podadora Gasolina,7506434231247,15,15,N/A
ADIR13423,Sierra De Cinta,,,,
ADIR1951,Aspiradora de Acero Inoxidable,7506434211942,35,35,N/A
ADIR2071,Ventilador Industrial C/Pedestal 26in,,,,
ADIR223,Desbrozadora Elec. C/Mango Extend. 350 W,7502219800943,72,9,8
ADIR226-A,Desbrozadora Con Motor A Gasolina 52 CC,7502265236857,30,30,N/A
ADIR241,Compresor Aire t/hamburguesa 1/2 hp T12,7506434221477,24,24,N/A
ADIR411,Hidro lavadora Alta Presion,7502265241509,60,60,N/A
ADIR256,Juego 22 Llaves Comb. STD/MM. 1/4-7/8 - 6,7502219800608,100,13,8
ADIR350,Fumigadora Agricola de Mochila,7502219800479,50,50,N/A
ADIR3850,Bomba Elec. Periferica 1/2 HP TULPLUS,7506434226267,100,100,N/A
ADIR411,Hidrolavadora Alta Presion,7502265241509,70,70,N/A
ADIR658,Mini compresor de aire 300 PSI,,26,2,N/A
ADIR6710,Careta Electronica para Soldar Freedom EAGL,7502265244784,20,20,4
ADIR6770,Careta Electronica para Soldar Futbol TULPL,7506434217616,128,32,4
ADIR658,Mini Compresor De Aire 300 PSI,,26,2,13
ADIR830,Maquina Trozadora de Metales 14in,7502219801674,24,24,N/A
ADIR920,Gato Hidraulico 2 Toneladas,7503003849919,150,150,N/A
AM1C10,Jaula para Mascotas Azul,7503040000000,210,21,10
AM1C13,Jaula para Mascotas Naranja,7503040000000,210,21,10
AM1C17,Jaula para Mascotas Cafe,7503040000000,210,21,10
AM1C22,Jaula para Mascotas Rosa,7503040000000,210,21,10
AM1C8,Jaula para Mascotas Azul,7503040000000,210,21,10
AM2C13,Arenero Domo para Gato de Plastico de 35*32*50cm Naranja,7503049746319,280,28,10
AM2C17,Arenero Domo para Gato de Plastico de 35*32*50cm Cafe,7503049746319,280,28,10
AM2C22,Arenero Domo para Gato de Plastico de 35*32*50cm Rosa,7503049746296,280,28,10
AM2C8,Arenero Domo para Gato de Plastico de 35*32*50cm Azul,7503049746272,280,28,10
AM2C9,Arenero Domo para Gato de Plastico de 35*32*50cm Marino,7503049746302,280,28,10
BB10C4,Carriola Infantil Clasica Mod.2 Gris,,,,
BB17C22,Bañera para Bebe Portatil Rosa,,,,
BB17C31,Bañera para Bebe Portatil Verde,,,,
BB17C8,Bañera para Bebe Portatil Azul,,,,
BB20C10,Silla Alta Periquera para Bebe 2 Posiciones Azul Claro,7503050000000,36,36,N/A
BB21C39,Gimnasio para Bebe de 73*58*40 LZ-948 Arcoiris,7503049746654,200,200,N/A
BB21C56,Gimnasio para Bebe de 73*58*40 LZ-925 Azul/Blanco,7503049746609,115,115,N/A
BB21C8,Gimnasio para Bebe de 73*58*40 LZ-932 Azul,7503049746630,200,200,N/A
BB22C22,Andadera para Bebe Sencilla Rosa,7503050000000,63,9,7
BB22C8,Andadera para Bebe Sencilla Azul,7503050000000,42,6,7
BB24C4,Carriola-Triciclo Infantil con Protector Solar Mod.ND-YL Gris,7503049746739,20,20,N/A
BB24C8,Carriola-Triciclo Infantil con Protector Solar Mod.ND-YL Azul,7503049746722,20,20,N/A
BB25C1,Silla Mecedora Musical con juguetes para Bebe Mod. LB,7503049746838,135,9,Master
BB25C22,Silla Mecedora Musical con juguetes para Bebe Mod. LB,7503049746746,135,9,Master
BB25C31,Silla Mecedora Musical con juguetes para Bebe Mod. LB,,135,9,Master
BB25C4,Silla Mecedora Musical con juguetes para Bebe Mod. LB,7503049746760,135,9,Master
BB26C22,Carriola para Bebe Basica ND-AT Rosa,7503050822187,84,14,6
BB26C31,Carriola para Bebe Basica ND-AT Verde,7503050822064,84,14,6
BB26C4,Carriola para Bebe Basica ND-AT Gris,7503050822088,84,14,6
BB26C7,Carriola para Bebe Basica ND-AT Beige,7503050822071,84,14,6
BB2C8,Silla Alta Periquera para Bebe Mod.1 Azul,7503040000000,42,42,N/A
BB3C22,Silla Mecedora Electrica Bebe Rosa,7503041710172,70,70,N/A
BB3C4,Mecedora Electrica para Bebe Gris,7503040000000,55,55,N/A
BB3C8,Mecedora Electrica para Bebe Azul,7503040000000,55,55,N/A
BB5C7,Silla para Bebe Portatil Beige,7503040000000,240,24,10
BB6C22,Andadera para Bebe 2 con musica y juguetes rosa,7503041930884,66,66,N/A
BB6C8,Andadera para Bebe 2 con musica y juguetes azul,7503041930877,66,66,N/A
BC9C1,Silla para Barbero Acojinada Negra,7503050000000,12,12,N/A
DF1C1,Trampolin 55 Color Negro,7503042245635,55,55,N/A
DF1C8,Trampolin 55 Color Azul,7503042245642,55,55,N/A
DF2C1,Bascula Digital para Baño,7503042245659,720,36,20
DF4C12,Tapete para Yoga de PVC Rojo,,,,
DF4C13,Tapete para Yoga de PVC Naranja,,,,
DF4C22,Tapete para Yoga de PVC Rosa,,,,
EA1C1,Backpack con Cable USB y Sistema Antirrobo 1 Negro,,,,
EA2C1,Backpack con Cable USB y Sistema Antirrobo 2 Negro,,,,
EA3C1,Backpack con Cable USB y Sistema Antirrobo 3 Negro,,,,
EA3C4,Backpack con cable USB y Sistema Antirrobo 3 Gris,,,,
EA3C8,Backpack con cable USB y Sistema Antirrobo 3 Azul,,,,
EL4C6,Maquina para Waffles de 110V AY,7503044475368,54,54,
EL8C5,Cafetera Tetera Metalica Electrica de 1000w y 1.8l Plata,7503049746395,320,20,16
EL10C1,Refrigerador BC-46 Negro,7503050822033,24,24,N/A
EL11C1,Campana Extractor de 50cm Negra,7503050822040,72,72,N/A
EL11C5,Campana Extractor de 50cm Plata,7503050822057,72,72,N/A
EL12C1,Frigobar JC-70,7503050822507,12,12,N/A
EL13C4,Refrigerador BCD-86 Gris,7503050822576,18,18,N/A
EL13C5,Refrigerador BCD-86 Plata,7503050822569,18,18,N/A
EL14C6,Congelador BD-150C Blanco,7503050822583,12,12,N/A
EL15C1,Licuadora de 1350W de 2l de Plastico Negra,7503051484094,108,18,6
EL15C12,Licuadora de 1350W de 2l de Plastico Roja,7503051484100,108,18,6
EL3C6,Calentador de Paso de 6L Blanco,7503044475351,78,78,N/A
EL9C1,Refrigerador BC-90 Negro,7503050822026,12,12,N/A
ET1C1,Pantalla Led 32 pulgadas con Control Remoto Negra,,,,
ET2C1,Pantallas Led 43,7503050822538,48,48,N/A
HG103C1,Zapatera 9 peldaños 162*58*28cm Negra,7503044894046,200,20,15
HG103C17,Zapatera de Tela 9 Peldaños Cafe,7503044894060,200,20,10
HG103C4,Zapatera de Tela 9 Peldaños Gris,7503044894060,300,20,15
HG103C9,Zapatera de Tela 9 Peldaños Marino,7503044894053,300,20,15
HG10C1,Mesa Metalica Plegable con 4 Bancos de Tela Negra,7503041710301,90,90,N/A
HG123C1,Gancho Infantil Negro,7503050000000,175,175,N/A
HG123C4,Gancho para ropa de niño terciopelo Gris,7503045663542,196,196,N/A
HG126C11,Colchoneta King de Memory Foam de 5cm,7503045663764,48,12,4
HG127C1,Set de Dos Bancos de Plastico para Bar Acolchonados Negro,7503045663795,35,35,N/A
HG127C4,Set de Dos Bancos de Plastico para Bar Acolchonados Gris,7503045663771,35,35,N/A
HG127C6,Set de Dos Bancos de Plastico para Bar Acolchonados Blanco,7503045663788,35,35,N/A
HG12C1,Trapeador con Cubeta Negro,7503041710400,200,8,25
HG12C24,Trapeador con Cubeta Morado,7503040000000,160,6,25
HG131C1,Carrito Transportador Metalico para Cocina Negro,,,,
HG131C4,Carrito Transportador Metalico para Cocina Gris,,,,
HG131C6, Carrito Transportador Metalico para Cocina Blanco,,,,
HG132C1,Set de Bancos Bar Ejecutivos Negros de 53*47*45,7503045663986,16,16,N/A
HG134C1,Silla de Plastico Plegable Reforzada 39*39*78cm Negra,7503050000000,100,10,10
HG135C1,Estufa de 4 Hornillas con conector para gas de 49*49*7.5cm Negra,7503050000000,84,84,N/A
HG137C1,Zapatera de Tela de 6 peldaños Doble de 118*25*104cm Negra,7503046913226,200,20,10
HG137C17,Zapatera de Tela de 6 peldaños Doble de 118*25*104cm Cafe,7503046913257,200,20,10
HG137C20,Zapatera de Tela de 6 peldaños Doble de 118*25*104cm Vino,7503050000000,150,15,10
HG137C4,Zapatera de Tela de 6 peldaños Doble de 118*25*104cm Gris,7503046913219,200,20,10
HG137C9,Zapatera de Tela de 6 peldaños Doble de 118*25*104cm Marino,7503050000000,150,15,10
HG140C1,Silla Metalica Plegable Acojinada Negra,7503046913356,96,16,6
HG141C1,Silla Plegable de Plastico Tipo Baston,7503050000000,12,12,N/A
HG143C1,Set de Bancos Sin Respaldo Acojinados Negro,7503046913936,28,28,N/A
HG149C6,Ventilador de Torre 34 Blanco,7503049746371,90,90,N/A
HG150C17,Armario para Ropa de Tela Cafe,7503049746432,120,12,10
HG150C4,Armario para Ropa de Tela Gris,7503049746401,120,12,10
HG151C1,Mesa desayunador de MDF de 60*60*74 Negra,7503049746470,33,33,N/A
HG151C4,Mesa desayunador de MDF de 60*60*74 Gris,7503049746494,33,33,N/A
HG151C6,Mesa desayunador de MDF de 60*60*74 Blanca,7503049746456,33,33,N/A
HG152C1,Mesa desayunador de MDF de 80*80*74 Negra,7503049746487,28,28,N/A
HG152C4,Mesa desayunador de MDF de 80*80*74 Gris,7503049746500,28,28,N/A
HG152C6,Mesa desayunador de MDF de 80*80*74 Blanca,7503049746463,28,28,N/A
HG153C1,Silla para Comedor de Vinipiel 40*37*96cm set de 4 pzas. Negra,7503049746517,20,20,N/A
HG153C4,Silla para Comedor de Vinipiel 40*37*96cm set de 4 pzas. Gris,7503049746531,20,20,N/A
HG153C6,Silla para Comedor de Vinipiel 40*37*96cm set de 4 pzas. Blanca,7503049746524,20,20,N/A
HG157C5,Estufa de Panel 4 hornillas de lujo para gas de 61*52cm Plata,7503049746579,64,64,N/A
HG158C1,Estufa de Panel 4 hornillas de lujo para gas de 58*50cm MSG-6058 Negra,7503049746586,60,60,N/A
HG161C6,Enfriador de Aire Blanco,7503049746791,30,30,N/A
HG162C1,Estufa de Panel 5 hornillas de lujo para gas de 76*50cm MSG-7821 Negra,7503049746807,39,39,N/A
HG162C5,Estufa de Panel 5 hornillas de lujo para gas de 86*50cm MSD-8606 Plata,7503049746814,51,51,N/A
HG166C1,Parrilla BBQ recubierta con Porcelana de 43*36*35.5cm Negra,7503049746890,150,150,N/A
HG166C12,Parrilla BBQ recubierta con Porcelana de 43*36*35.5cm Roja,7503049746906,150,150,N/A
HG166C8,Parrilla BBQ recubierta con Porcelana de 43*36*35.5cm Azul,7503049746913,150,150,N/A
HG16C1,Gancho para Ropa de Terciopelo Negro,7503040000000,90,90,N/A
HG170C1,Mesa de Centro Cuadrada de 40*40*53cm Negra,7503050822101,180,180,N/A
HG170C4,Mesa de Centro Cuadrada de 40*40*53cm Gris,7503050822132,180,180,N/A
HG170C17,Mesa de Centro Cuadrada de 40*40*53cm Cafe,7503050822125,180,180,N/A
HG170C6,Mesa de Centro Cuadrada de 40*40*53cm Blanca,7503050822118,180,180,N/A
HG171C1,Mesa de Centro Cuadrada de 60*30*53cm Negra,7503050822149,180,180,N/A
HG171C17,Mesa de Centro Cuadrada de 60*30*53cm Cafe,7503050822163,180,180,N/A
HG171C6,Mesa de Centro Cuadrada de 60*30*53cm Blanca,7503050822156,180,180,N/A
HG174C1,Set de Dos Bancos de Plastico Transparente para Bar Acolchonados Negro,7503050822835,35,35,N/A
HG174C4,Set de Dos Bancos de Plastico Transparente para Bar Acolchonados Gris,7503050822859,35,35,N/A
HG174C6,Set de Dos Bancos de Plastico Transparente para Bar Acolchonados Blanco,7503050822842,35,35,N/A
HG175C1,Set de dos Bancos Bar de Vinipiel Rayas Negro,7503050822866,20,20,N/A
HG17C6,Almohada de Memory Foam con Estuche Blanca,7503041710660,324,36,9
HG20C1,Estufa Portatil con 2 Hornillas Negra,,,,
HG21C1,Estufa una Hornilla Cartucho de Gas Negra,7503040000000,160,16,10
HG21C12,Estufa una Hornilla Cartucho de Gas Negra,7503040000000,160,16,10
HG22C5,Ventilador 3 Posiciones 18in Plata,7503040000000,32,32,N/A
HG23C12,Sabanas Matrimoniales con Diseño 4*1 Rojo,,,,
HG23C18,Sabanas Matrimoniales con Diseño 2*6 Cafe Claro,,,,
HG23C2,Sabanas Matrimoniales con Diseño 2*8 Gris Fuerte,,,,
HG23C20,Sabanas Matrimoniales con diseño 5*3 Vino,,,,
HG23C36,Sabanas Matrimoniales con diseño 4-6 Gris,7503040000000,336,28,12
HG23C4,Sabanas Matrimoniales con diseño 1*8 Gris,,,,
HG24C1,Sabanas Individuales con diseño 14*2 Negro,,,,
HG24C12,Sabanas Individuales con diseño 4*1 Rojo,,,,
HG24C18,Sabanas Individuales con diseño 2*6 Cafe Claro,,,,
HG24C2,Sabanas Individuales con diseño 2*8 Gris Fuerte,,,,
HG24C20,Sabanas Individuales con diseño 5*3 Vino,,,,
HG24C4,Sabanas Individuales con diseño 4*6 Gris,,,,
HG25C2,Sabanas King con diseño 2*8 Gris Fuerte,,,,
HG25C4,Sabanas King con diseño 1*8 Gris,,,,
HG25C8,Sabanas King con diseño 3*6 Azul,,,,
HG26C1,Set de 2 Camastros de Tela Negro,7503041930235,18,18,N/A
HG26C4,Set de 2 Camastros de Tela Gris,7503041930242,18,18,N/A
HG39C1,Sabanas Matrimoniales Lisas Negras,7503041930686,480,40,12
HG39C22,Sabanas Matrimoniales Lisas Rosa,7503041930730,480,40,12
HG39C3,Sabanas Matrimoniales Lisas Gris Claro,7503041930679,480,40,12
HG39C30,Sabanas Matrimoniales Lisas Crema,7503041930679,480,40,12
HG39C6,Sabanas Matrimoniales Lisas Blancas,7503041930716,480,40,12
HG39C8,Sabanas Matrimoniales Lisas Azul,7503041930747,480,40,12
HG39C9,Sabanas Matrimoniales Lisas Marino,7503042245437,480,40,12
HG40C1,Mesa Plegable de Plastico dde 1.80m Negra,7503041930792,45,45,N/A
HG40C6,Mesa de Plastico Plegable 1.80m Blanca,7503041930808,45,45,N/A
HG45C1,Mesa 1.20 m Negro,7503042245109,84,84,N/A
HG45C5,Mesa Metalica Plegable de 1.20 Plata,7503042245109,84,84,N/A
HG48C6,Set de Vajilla Opal de 16 pzas. Blanca,7503042245888,84,48,2
HG49C22,Sabanas Queen Lisas Rosa de 52*33*37 cm,7503040000000,560,28,20
HG4C1,Parrilla Electrica Dos Honillas Negra de 45*21*51 cm,7503041710110,180,30,6
HG4C6,Parrilla Electrica Dos Honillas Blanca de 45*21*51 cm,7503041710103,180,30,6
HG50C1,Sabanas King Lisas Negra de 52*43*33 cm,7503040000000,200,10,20
HG50C22,Sabanas King Lisas Rosa de 52*43*33 cm,7503040000000,560,28,20
HG52C1,Cajonera de Plastico 12 pzas Negro,7503042245451,150,150,N/A
HG54C1,Carrito de Plastico Grande Negro,7503042245420,260,260,N/A
HG54C22,Carrito de Plastico Grande Rosa,7503042245512,260,260,N/A
HG54C4,Carrito de Plastico Grande Gris,7503042245536,260,260,N/A
HG54C6,Carrito de Plastico Grande Blanco,7503042245529,260,260,N/A
HG58C3,Tapete para Sala 1.6*1.2m Gris Claro de 60*50*46 cm,7503040000000,324,12,27
HG5C1,Sarten Electrico Negro de 67.5*44*65 cm,7503041710127,120,12,10
HG62C19,Set de Cortinas de 132*164 Cafe de 43*32*43 cm,7503040000000,560,28,20
HG62C2,Set de Cortinas de 132*164 Gris Oscuro de 43*32*43 cm,7503040000000,560,28,20
HG62C7,Set de Cortinas de 132*164 Beige de 43*32*43 cm,7503040000000,560,28,20
HG63C1,Silla de Plastico Plegable tipo Fiesta 41*41*78cm Negra,,,,
HG64C4,Silla Plegable Portatil para Acampar 50*50*80cm Gris,,,,
HG65C1,Set de Dos Bancos Vinipiel Base Cromada para Bar Negro,7503044114519,16,16,N/A
HG65C4,Set de Dos Bancos Vinipiel Base Cromada para Bar Gris,7503044114533,16,16,N/A
HG65C6,Set de Dos Bancos Vinipiel para Bar Base Cromada Blanco,7503044114526,16,16,N/A
HG66C1,Set de Dos Bancos Vinipiel Base Negra para Bar Negro,7503044114540,20,20,N/A
HG66C4,Set de Dos Bancos Vinipiel Base Negra para Bar Gris,7503044114564,20,20,N/A
HG66C6,Set de Dos Bancos Vinipiel Base Negra para Bar Blanco,7503044114557,20,20,N/A
HG67C1,Set de Dos Bancos para Bar sin Respaldo Negros,7503044114571,32,32,N/A
HG67C6,Set de Dos Bancos para Bar sin Respaldo Blancos,7503044114595,32,32,N/A
HG68C6,Sabanas Matrimoniales con diseño 14*5A Blanco,,,,
HG69C8,Sabanas King con diseño 11*3 Azul,,,,
HG6C1,Parrilla Asador BBQ chica Negro,7503041710134,252,21,12
HG70C4,Sabanas King con diseño 12*3 Gris,,,,
HG71C6,Sabanas King con diseño 14*5A Blanco,,,,
HG75C31,Follaje Sintetico de Plastico de 60*40*3cm Verde,7503044363504,1400,7,200
HG79C1,Silla Metalica Tolix Negra,7503044363764,2100,2100,N/A
HG84C6,Mesa de Plastico Plegable 2.40m Blanca,7503044363726,30,30,N/A
HG85C5,Parrilla Asador BBQ JY-8003 de Acero Inoxidable,7503044363733,36,9,4
HG96C8,Silla Gamer Junior Azul,,,,
HG97C1,Silla Metalica Plegable tipo Fiesta Negra,,,,
HG98C17,Colchon Inflable Portatil para Acampar de 203*152*41cm Cafe,7503044475788,90,90,N/A
HG98C4,Colchon Inflable Portatil para Acampar de 203*152*41cm Gris,7503044894251,90,90,N/A
HR10C5,Bascula Comercial Digital 40Kg AY-EC02 Plata,7503049746449,144,24,6
HR1C1,Carrito Metalico 3 Niveles De 43*30*77Cm Color Negro,7503041710837,176,176,N/A
HR1C22,Carrito Metalico 3 Niveles De 43*30*77Cm Color Rosa,7503041710820,176,176,N/A
HR1C6,Carrito Metalico 3 Niveles De 43*30*77Cm Color Blanco,7503041710851,176,176,N/A
HR9C5,Escalera Metalica Multiposiciones De 3.5M Con Plataformas Plata,7503046913929,24,24,N/A
KTHG147C1,Set de 10 sillas de Plastico Plegable Reforzada 39*39*78cm Negra,,,,
KTHG148C1,Set de 5 sillas de Plastico Plegable Reforzada 39*39*78cm Negra,,,,
MPA08CC,Monitor De Presion Arterial Para Brazo Blanco,,,,
OT1C12,Triciclo Infantil Tres Ruedas de Plastico Rojo,7503044114113,48,48,N/A
OT1C22,Triciclo Infantil Tres Ruedas de Plastico Rosa,7503044114106,48,48,N/A
OT1C8,Triciclo Infantil Tres Ruedas de Plastico Azul,7503044114120,48,48,N/A
OT4C1,Bicicleta de Montaña Rodada 26 con 21 Velocidades Negra,7503050822392,8,8,N/A
OT4C12,Bicicleta de Montaña Rodada 26 con 21 Velocidades Roja,7503050822279,8,8,N/A
OT4C13,Bicicleta de Montaña Rodada 26 con 21 Velocidades Naranja,7503050822378,8,8,N/A
OT4C21,Bicicleta de Montaña Rodada 26 con 21 Velocidades Amarillo,7503050822385,8,8,N/A
OT4C4,Bicicleta de Montaña Rodada 26 con 21 Velocidades Gris,7503050822286,8,8,N/A
OT4C6,Bicicleta de Montaña Rodada 26 con 21 Velocidades Blanca,7503050822262,8,8,N/A
OT4C8,Bicicleta de Montaña Rodada 26 con 21 Velocidades Azul,7503050822293,8,8,N/A
OT5C1,Bicicleta de Montaña Rodada 29 con 21 Velocidades Negra,7503050822446,12,12,N/A
OT5C12,Bicicleta de Montaña Rodada 29 con 21 Velocidades Roja,7503050822309,12,12,N/A
OT5C13,Bicicleta de Montaña Rodada 29 con 21 Velocidades Naranja,7503050822422,12,12,N/A
OT5C21,Bicicleta de Montaña Rodada 29 con 21 Velocidades Amarillo,7503050822439,12,12,N/A
OT5C4,Bicicleta de Montaña Rodada 29 con 21 Velocidades Gris,7503050822415,12,12,N/A
OT5C6,Bicicleta de Montaña Rodada 29 con 21 Velocidades Blanca,7503050822408,12,12,N/A
OT5C8,Bicicleta de Montaña Rodada 29 con 21 Velocidades Azul,7503050822453,12,12,N/A
OT6C22,Bicicleta Urbana de Paseo Rodada 26 Rosa,7503050822460,11,11,N/A
OT6C31,Bicicleta Urbana de Paseo Rodada 26 Verde,7503050822477,11,11,N/A
OT6C6,Bicicleta Urbana de Paseo Rodada 26 Blanca,7503050822484,11,11,N/A
OT7C12,Bicicleta Infantil Rodada 14 Roja,7503050822606,35,35,N/A
OT7C8,Bicicleta Infantil Rodada 14 Azul,7503050822590,35,35,N/A
OT8C37,Scooter 4 Ruedas Electrico Negro/Rojo,7503050822828,8,8,N/A
OT9C1,Scooter 2 Ruedas Electrico Negro,7503050822804,28,28,N/A
PO10C1,Caja De Seguridad Metalica Con Display Y Palanca De 17*23*17Cm Negra,,,,
PO10C2,Caja De Seguridad Metalica Con Display Y Palanca De 17*23*17Cm Gris Fuerte,,,,
PO10C3,Caja De Seguridad Metalica Con Display Y Palanca De 17*23*17Cm Gris Claro,,,,
PO16C18,Escritorio de MDF 1.20m por 60cm Cafe Claro,7503050822989,40,40,N/A
PO17C6,Pizarron de 90*60cm con 4 marcadores color Blanco,7503051484087,162,162,N/A
PO3C1,Silla Gamer Con Descansapies Monocromatica Negro,7503045663658,18,18,N/A
PO3C22,Silla Gamer Con Descansapies Rosa,7503041710646,18,18,N/A
PO3C31,Silla Gamer Con Descansapies Verde,7503042245673,18,18,N/A
PO3C4,Silla Gamer Con Descansapies Monocromatica Gris,7503045663665,18,18,N/A
PO3C6,Silla Gamer Con Descansapies Blanco,7503041710639,18,18,N/A
PO3C8,Silla Gamer Con Descansapies Azul,7503041710646,18,18,N/A
PO5C12,Silla Gamer Sencilla Roja,7503041710783,18,18,N/A
PO5C6,Silla Gamer Sencilla Blanco,7503041710806,18,18,N/A
PO6C1,Lampara De Escritorio Vintage De 67Cm Negra,7503040000000,252,21,12
PO6C6,Lampara De Escritorio Vintage De 67Cm Blanca,7503040000000,252,21,12
PO9C1,Caja De Seguridad Metalica Con Llav10nbhe Y Display De 17*23*17Cm Negra,,,,
SA27C4,Monitor De Presion Arterial Para Brazo Gris,,,,
SA37C8TG,Guante De Nitrilo Azul 100 Pzas. Take Care Talla Grande,,,,
SA38C8TG,Guante De Nitrilo Azul 100 Pzas. Med Care Talla Grande,,,,
SA46C1TG,Guante de Vinyl Synmax Basic Negro Talla Grande,7503050822774,1050,105,10
SA4C8,Guante De Nitrilo Azul 100 Pzas.Talla Grande,,,,
SA6C1,Guante De Vinyl Talla S Negro,7503041930815,1200,120,10
SA7C1,Guante De Vinyl Talla M Negro,7503041930822,1200,120,10
SA8C1,Guante De Vinyl Talla L Negro,7503041930839,1200,120,10
